idx,A_SE,A_fresh,B_SE,B_fresh,C_SE,C_fresh
1,0,2.99e-08,1,3.11e-08,1,3.11e-08
2,0,1.83e-03,0,2.44e-02,1,3.09e-08
3,0,1.13e-01,0,8.97e-01,0,8.69e-08
4,0,4.07e-08,1,3.06e-08,1,3.06e-08
5,0,1.51e-08,1,2.67e-08,1,2.67e-08
6,0,5.42e-08,1,4.81e-08,1,4.81e-08
7,1,6.07e-08,1,6.07e-08,1,6.07e-08
8,0,1.40e-01,0,1.51e-01,1,1.63e-07
9,1,8.18e-08,1,8.18e-08,1,8.18e-08
10,0,3.02e-08,1,3.35e-08,1,3.35e-08
11,0,5.52e-01,0,5.52e-01,0,9.17e-01
12,1,2.30e-08,1,2.30e-08,1,2.30e-08
13,1,2.21e-08,1,4.19e-08,1,4.19e-08
14,1,1.43e-08,1,1.43e-08,1,1.43e-08
15,1,1.28e-07,1,1.28e-07,1,1.28e-07
16,1,4.18e-08,1,4.18e-08,1,4.18e-08
17,1,4.08e-08,1,4.08e-08,1,4.08e-08
18,1,9.95e-08,1,9.95e-08,1,9.95e-08
19,0,1.53e+00,0,1.55e+00,0,1.70e+00
20,0,6.60e-08,1,7.37e-08,1,7.37e-08
